Country,Year,Total area of the country (excl. coastal water) (1000 ha),Arable land area (1000 ha),Permanent crops area (1000 ha),% of total country area cultivated (%),Total population (1000 inhab),Rural population (1000 inhab),Urban population (1000 inhab),Population density (inhab/km2),Gross Domestic Product (GDP) (current US$),GDP per capita (current US$/inhab),"Agriculture, value added (% GDP) (%)","Agriculture, value added to GDP (current US$)","Industry, value added to GDP (current US$)","Services, value added to GDP (current US$)",Human Development Index (HDI) [highest = 1] (-),Gender Inequality Index (GII) [equality = 0; inequality = 1) (-),% of agricultural GVA produced by irrigated agriculture (%),Total internal renewable water resources per capita (m3/inhab/yr),Surface water: leaving the country to other countries (total) (10^9 m3/year),Total water withdrawal per capita (m<sup>3</sup>/year per inhabitant),Total population with access to safe drinking-water (JMP) (%)
Afghanistan,2018,65286,7794,216,12.26909291,37171.921,27099.874,9273.302,56.93704776,1.80E+10,563.983834,22.440899,4.20E+09,4.80E+09,1.06E+10,0.496,0.6934,44.14522471,1268.430545,42.22,548.0722936,55.3
Albania,2018,2773,611.346,84.654,25.09917057,2882.74,1164.388,1769.975,103.9574468,1.51E+10,5131.908959,18.440931,2.77E+09,2.68E+09,7.74E+09,0.791,0.2174,47.12634659,9331.399988,11.5,332.3227207,95.1
Algeria,2018,238174.1,7505.017,1012,3.57596271,42228.408,11498.038,30510.016,17.73005881,1.75E+11,4136.289853,11.840233,2.08E+10,6.69E+10,8.02E+10,0.759,0.4131,19.82966645,266.337296,0.32,247.7479142,83.6
Andorra,2018,47,0.83,0,1.765957447,77.006,9.187,67.766,163.8425532,3.22E+09,42080.55769,0.546368,1.56E+07,2.74E+08,2.62E+09,0.857,,,4098.381944,,,100
Angola,2018,124670,4900,315,4.183043234,30809.787,10612.667,20161.538,24.71307211,1.01E+11,3441.269755,8.607742,1.02E+10,4.42E+10,5.08E+10,0.574,,0.321308558,4803.668393,122.8,22.90830508,49
Antigua and Barbuda,2018,44,4,1,11.36363636,96.286,77.7,25.35,218.8318182,1.61E+09,15629.05458,1.736553,2.79E+07,2.86E+08,1.12E+09,0.776,,12.90097772,540.0577446,0,119.4358474,97.9
Argentina,2018,278040,32632.7597,1068,12.12083143,44361.15,3632.997,41055.867,15.95495252,5.20E+11,11601.89008,6.097129,3.18E+10,1.07E+11,3.01E+11,0.83,0.3756,11.01515096,6582.336121,48,851.6460912,99.1
Armenia,2018,2974,445.6,59.1,16.97041022,2951.745,1081.275,1852.877,99.25168124,1.25E+10,4237.388785,13.942312,1.70E+09,2.59E+09,7.06E+09,0.76,0.3176,25.64591483,2323.710212,5.28,919.4561183,100
Australia,2018,774122,30974,332,4.044065406,24898.152,3465.207,21307.04,3.216308541,1.46E+12,58689.49019,2.121597,3.73E+10,3.02E+11,1.01E+12,0.938,0.1101,14.67589491,19760.50271,0,697.3087802,100
Austria,2018,8387.9,1327.15,66.87,16.61941606,8891.388,3649.748,5102.072,106.0025513,4.55E+11,52047.26046,1.134384,5.22E+09,1.06E+11,2.96E+11,0.914,0.0528,5.404538442,6185.760873,77.7,392.7508281,100
Azerbaijan,2018,8660,2097.9,255,27.16974596,9949.537,4398.268,5525.646,114.8907275,4.71E+10,4729.900727,5.212381,2.46E+09,2.40E+10,1.68E+10,0.754,0.303,65.46827709,815.6158422,,1222.870974,87
Bahamas,2018,1388,8,4,0.864553314,385.637,67.779,331.506,27.78364553,1.30E+10,31116.87141,0.678078,1.11E+08,1.27E+09,9.56E+09,0.805,0.2979,0.022222839,1815.178523,0,,98.4
Bahrain,2018,78,1.6,3,5.897435897,1569.446,167.867,1399.126,2012.110256,3.77E+10,24171.32841,0.289203,1.09E+08,1.57E+10,2.16E+10,0.838,0.2649,92.42588044,2.54867004,0,276.7855664,100
Bangladesh,2018,14757,7772.3,830,58.29301349,161376.708,105423.904,60944.245,1093.560398,2.70E+11,1620.668482,13.074539,3.53E+10,7.34E+10,1.46E+11,0.614,0.5034,78.24750434,650.6515178,0.057,222.2749518,86.9
Barbados,2018,43,7,1,18.60465116,286.641,197.187,89.201,666.6069767,5.09E+09,17761.54481,1.439032,6.61E+07,5.48E+08,3.85E+09,0.813,0.357,79.02429012,279.0947562,0,282.5834406,99.7
Belarus,2018,20760,5712,111,28.04913295,9452.617,2023.242,7428.871,45.53283719,6.00E+10,6312.054621,6.590106,3.82E+09,1.65E+10,3.08E+10,0.817,0.1507,0.66370998,3596.887507,57.9,147.1550154,99.7
Belgium,2018,3053,850,24,28.62757943,11482.178,229.844,11268.675,376.094923,5.44E+11,47225.75721,0.565289,2.71E+09,9.25E+10,3.89E+11,0.919,0.0633,1.153711386,1045.09789,11,347.8434144,100
Belize,2018,2297,90,32,5.311275577,383.071,207.573,174.871,16.6770135,1.87E+09,4892.75074,9.563392,1.79E+08,1.69E+08,1.28E+09,0.72,0.4257,5.056369514,39835.9573,0,263.6586951,99.5
Benin,2018,11476,2800,600,29.62704775,11485.044,6051.546,5434.128,100.0788079,1.43E+10,906.489003,28.064774,2.32E+09,2.12E+09,5.00E+09,0.52,0.6143,0.890913878,896.8185059,5.8,20.37432334,77.9
Bhutan,2018,3839,94,6,2.604845012,754.388,482.916,334.138,19.65063819,2.45E+09,3253.532886,15.888548,4.49E+08,7.30E+08,1.36E+09,0.617,0.4574,44.29225364,103395.0699,78,448.0453029,100
Bolivia (Plurinational State of),2018,109858,4480,247,4.302827286,11353.142,3429.186,7786.488,10.33437893,4.03E+10,3592.084429,11.481924,4.63E+09,9.72E+09,2.06E+10,0.703,0.4443,11.13503553,26732.68774,566,183.9138452,90
Bosnia and Herzegovina,2018,5121,1029,100,22.0464753,3323.925,1813.259,1690.295,64.90773286,2.02E+10,5646.252354,5.885435,1.19E+09,3.70E+09,1.20E+10,0.769,0.2007,5.33E-04,10680.14471,35.5,,99.9
Botswana,2018,58173,259.6,2,0.449693157,2254.068,712.875,1620.326,3.874766644,1.87E+10,7978.140216,1.993178,3.72E+08,5.24E+09,1.13E+10,0.728,0.4801,1.907356948,1064.741614,0.6,85.62297145,96.2
Brazil,2018,851577,55762,7756,7.458867489,209469.323,28321.495,182546.459,24.59781359,1.89E+12,8861.531858,4.418538,8.15E+10,3.03E+11,1.21E+12,0.761,0.4569,21.93552747,27025.43704,585.7,308.3506409,98.1
Brunei Darussalam,2018,577,4,6,1.733102253,428.963,97.106,336.97,74.34367418,1.36E+10,31254.69451,1.017642,1.38E+08,8.45E+09,5.20E+09,0.845,,16.49656708,19815.22882,0,214.4707119,
Bulgaria,2018,11095,3478,153,32.72645336,7051.608,1758.643,5278.205,63.55662911,6.62E+10,9407.504648,3.371263,2.23E+09,1.24E+10,4.28E+10,0.816,0.2116,3.502465965,2978.044157,16.9,769.3280738,99.4
Burkina Faso,2018,27422,6000,100,22.24491284,19751.466,13952.881,5798.77,72.02780979,1.61E+10,820.166756,23.0695,3.51E+09,3.68E+09,7.25E+09,0.434,0.6313,0.839991517,632.8644162,15.2,41.4146474,82.3
Burundi,2018,2783,1200,350,55.69529285,11175.374,9754.746,1461.704,401.558534,3.08E+09,292.886814,36.027555,1.18E+09,5.16E+08,1.37E+09,0.423,0.4916,1.039592218,900.1935864,7.6,25.06403813,75.9
Cabo Verde,2018,403,50,4,13.39950372,543.767,189.62,363.715,134.9297767,1.97E+09,3572.545968,5.291984,1.04E+08,3.26E+08,1.25E+09,0.651,,6.664847247,551.7068892,0,49.65362002,91.7
Cambodia,2018,18104,3876,190,22.45912506,16249.792,12446.208,3799.521,89.75802033,2.46E+10,1512.505446,22.012956,5.41E+09,7.79E+09,9.84E+09,0.581,0.4775,14.44046879,7421.633458,471.5,134.4017203,75.5
Cameroon,2018,47544,6200,1550,16.30068989,25216.267,10766.102,13912.132,53.03774819,3.87E+10,1567.94687,14.423106,5.58E+09,9.47E+09,2.05E+10,0.563,0.5873,0.66532092,10826.34476,40,43.16261404,75.6
Canada,2018,987975,38690,170,3.933297907,37074.562,6869.269,30084.496,3.752580986,1.72E+12,46343.37194,1.834932,3.14E+10,3.72E+11,1.19E+12,0.922,0.1292,3.59243162,76872.11517,138.3,944.7717818,99.8
Central African Republic,2018,62298,1800,80,3.017753379,4666.368,2777.836,1959.587,7.490397766,2.22E+09,473.499434,31.241338,6.98E+08,5.56E+08,9.63E+08,0.381,0.6549,0.008511385,30216.21955,141,15.53670864,68.5
Chad,2018,128400,5200,38,4.079439252,15477.729,11812.905,3540.279,12.05430607,1.14E+10,741.697902,32.442121,3.69E+09,2.30E+09,6.05E+09,0.401,0.7065,0.705715,969.1344253,10.15,56.8300427,50.8
Chile,2018,75609.6,1213,467,2.221940071,18729.16,2262.995,15934.214,24.77087566,2.98E+11,16388.83927,3.525596,1.09E+10,8.06E+10,1.81E+11,0.847,0.3376,71.40959748,47252.5196,3.15,1728.320971,99
China,2018,960001.29,119474.7,16201,14.13286643,1459377.612,583199.631,863601.691,152.018297,1.43E+13,9855.461832,7.164207,1.02E+12,5.55E+12,7.04E+12,0.758,0.1907,78.51360145,1927.465501,718.8,409.8322429,95.5
Colombia,2018,114175,6021,3871,8.663893147,49661.048,9508.27,39956.413,43.49555332,3.34E+11,6676.033274,6.285835,2.07E+10,7.75E+10,2.01E+11,0.761,0.4285,8.228588401,43192.80576,1375,575.7027117,91.4
Comoros,2018,186.1,66,50,62.33207953,832.322,591.255,241.092,447.2444922,1.18E+09,1400.486121,32.642507,3.56E+08,1.31E+08,6.41E+08,0.538,,0.129009932,1441.749707,0,12.0145809,90.1
Congo,2018,34200,550,78,1.83625731,5244.359,1786.495,3613.4,15.33438304,1.34E+10,2624.715541,7.030123,1.38E+09,5.41E+09,6.59E+09,0.609,0.5934,0.099761746,42331.19815,197,17.48545437,76.5
Cook Islands,2018,24,1,0.5,6.25,17.518,4.344,13.067,72.99166667,3.63E+08,20832.45595,2.674019,9699036.966,1.77E+07,2.90E+08,,,,,0,,99.9
Costa Rica,2018,5110,252.5,330,11.39921722,4999.441,1023.354,3929.845,97.83641879,6.06E+10,12138.82479,4.542901,2.75E+09,1.00E+10,4.28E+10,0.794,0.3492,30.82150178,22602.52696,9.655,639.2452876,97.8
Côte d'Ivoire,2018,32246,3500,4500,24.80927867,25069.23,12259.023,12646.82,77.74368914,5.80E+10,1727.629024,20.548073,8.51E+09,1.01E+10,2.05E+10,0.516,0.6789,1.565129603,3065.112092,13.2,46.35164303,81.9
Croatia,2018,5659.4,804,72,15.47867265,4156.405,1793.077,2371.706,73.44250274,6.10E+10,14644.50443,2.855609,1.74E+09,1.04E+10,3.80E+10,0.837,0.1489,3.215799763,9070.338429,39.7,172.7454375,99.6
Cuba,2018,10988,2908.6,653,32.41354205,11338.134,2638.265,8850.817,103.1865126,1.00E+11,8705.917496,3.78413,3.79E+09,2.34E+10,7.18E+10,0.778,0.3559,26.3568707,3362.105264,0,613.7694263,94.9
Cyprus,2018,925,104.005,26.2897,14.08591351,1189.265,394.652,794.433,128.5691892,2.50E+10,28956.95828,2.024809,5.05E+08,2.56E+09,1.85E+10,0.873,0.1239,35.40624949,655.8672794,0,240.4846691,100
Czechia,2018,7888,2484,49,32.11206897,10665.677,2784.67,7840.58,135.2139579,2.49E+11,23079.54005,1.936357,4.82E+09,7.04E+10,1.45E+11,0.891,0.0914,1.38905706,1232.926892,13.2,149.0763315,100
Democratic People's Republic of Korea,2018,12054,2283,297,21.40368342,25549.604,9757.856,15852.816,211.9595487,1.75E+10,686.2093,23.276657,4.07E+09,6.69E+09,6.73E+09,,,65.98879484,2622.349842,4.85,338.8623949,99.7
Democratic Republic of the Congo,2018,234486,11800,1500,5.671980417,84068.091,46656.05,37348.939,35.85207262,4.71E+10,561.228616,19.161781,9.03E+09,1.84E+10,1.78E+10,0.459,0.673,0.179125159,10705.60767,3.301,8.131503783,52.4
Denmark,2018,4292,2388.4,31,56.37931034,5752.126,697.769,5056.587,134.0197111,3.57E+11,61809.75089,1.037249,3.65E+09,6.88E+10,2.36E+11,0.93,0.0484,20.47009107,1043.092589,0,186.8283136,100
Djibouti,2018,2320,2,0,0.086206897,958.923,215.875,755.533,41.33288793,2.92E+09,3009.407574,1.264229,3.70E+07,2.00E+08,2.48E+09,0.495,,100,312.8509797,0,19.81389538,90
Dominica,2018,75,6,17,30.66666667,71.625,21.933,52.375,95.5,5.51E+08,7413.637732,11.106627,6.12E+07,7.40E+07,3.07E+08,0.724,,0.005867249,2792.321117,0,279.2321117,94.4
Dominican Republic,2018,4867,877,355,25.3133347,10627.141,2059.693,8823.303,218.3509554,8.56E+10,7470.23939,5.147783,4.47E+09,2.10E+10,4.96E+10,0.745,0.4773,33.75720792,2211.319112,1.015,854.2184582,84.7
Ecuador,2018,25637,968,1386,9.182041581,17084.358,6101.055,10762.37,66.6394586,1.08E+11,6427.997753,8.94927,1.00E+10,3.36E+10,5.77E+10,0.758,0.4073,55.56689415,25895.03217,163.8,580.5310331,86.9
Egypt,2018,100145,2910.9688,925,3.830414699,98423.598,56938.212,42437.529,98.28109042,2.50E+11,2513.199691,11.225,2.80E+10,8.21E+10,1.34E+11,0.7,0.5726,100,10.16016505,0,787.412791,99.4
El Salvador,2018,2104,721,160,41.87262357,6420.746,1793.751,4617.807,305.1685361,2.61E+10,4064.05821,5.091127,1.27E+09,5.66E+09,1.67E+10,0.667,0.4269,5.35701885,2434.296576,0,329.8682116,93.8
Equatorial Guinea,2018,2805,120,60,6.4171123,1308.975,366.013,947.881,46.6657754,1.33E+10,10141.12034,2.218931,3.11E+08,7.48E+09,5.50E+09,0.588,,,19862.8698,0,15.12633931,47.9
Eritrea,2018,12176.5817,690,2,5.683039929,3452.786,3108.634,2079.314,28.35595478,2.01E+09,1321.381592,17.626889,1.21E+09,1.53E+09,4.26E+09,0.434,,2.062166357,810.93934,0.7,168.5595342,57.8
Estonia,2018,4534,688,4,15.2624614,1322.92,406.671,900.117,29.17776798,3.06E+10,23528.80437,1.901973,8.18E+08,6.31E+09,1.96E+10,0.882,0.1638,0.083730583,9607.534847,0.096,1215.900107,99.6
Eswatini,2018,1736,175,15,10.94470046,1136.281,1060.246,331.139,65.45397465,4.72E+09,3385.567253,8.576351,4.05E+08,1.50E+09,2.58E+09,0.608,0.5572,30.70440991,2323.368955,4.5,939.9083501,74.1
Ethiopia,2018,113624.2497,16187,1716,15.75631967,109224.414,85207.113,22327.769,96.12773179,8.02E+10,746.664248,31.218807,2.50E+10,2.13E+10,2.99E+10,0.47,0.5583,3.124428255,1116.966395,96.5,96.57273144,57.3
Faroe Islands,2018,139.6,3,0,2.148997135,48.497,28.672,20.817,34.73997135,2.61E+09,,,,,1.53E+09,,,,,0,,
Fiji,2018,1827,165,85,13.68363437,883.483,399.125,513.116,48.35703339,5.54E+09,6069.463297,10.745496,5.95E+08,7.58E+08,3.09E+09,0.724,0.4181,2.809823319,32315.27941,0,96.09692546,95.7
Finland,2018,33845,2244,3,6.639089969,5522.576,810.217,4732.3,16.31725809,2.76E+11,49955.34117,2.385905,6.81E+09,6.05E+10,1.72E+11,0.925,0.0747,0.316073156,19375.0163,27,507.0097723,100
France,2018,54908.7,18126.4,1005.8,34.84365866,64990.511,12756.906,52476.365,118.3610448,2.79E+12,41168.65145,1.65113,4.51E+10,4.11E+11,2.01E+12,0.891,0.0884,12.12205692,3077.372326,18,415.552972,100
Gabon,2018,26767,325,170,1.849292039,2119.275,219.785,1847.776,7.917491688,1.70E+10,8219.383713,5.394412,8.24E+08,7.66E+09,7.40E+09,0.702,0.5137,1.225763011,77384.95476,0,65.6356537,93.2
Gambia,2018,1130,440,5,39.38053097,2280.094,838.035,1325.73,201.7782301,1.67E+09,754.620604,21.809337,3.24E+08,2.20E+08,9.57E+08,0.466,0.6224,0.760759505,1315.735228,0,44.5595664,90.2
Georgia,2018,6970,311,120.8,6.195121951,4002.942,1616.295,2290.836,57.43101865,1.76E+10,4504.482259,6.762097,1.19E+09,3.00E+09,1.11E+10,0.786,0.3816,31.00380337,14521.8192,11.91,322.5427698,100
Germany,2018,35725,11731,199,33.39398181,83124.418,18671.111,63622.346,232.6785668,3.96E+12,47993.47333,0.664669,3.04E+10,9.92E+11,2.54E+12,0.939,0.0407,3.443699918,1287.227058,90.8,342.6458141,100
Ghana,2018,23854,3370.3509,1932.7741,22.23159638,29767.102,12946.423,16517.22,124.7887231,6.55E+10,2224.259481,18.271534,1.20E+10,1.94E+10,2.94E+10,0.596,0.5537,1.950338398,1017.902247,0,49.201968,88.7
Greece,2018,13196,2136.6,1085,24.41345862,10522.246,2333.39,8808.771,79.73814792,2.12E+11,19577.7849,3.658859,8.11E+09,2.63E+10,1.55E+11,0.872,0.1464,53.96259342,5512.131155,1.8,961.9619233,100
Grenade,2018,34,3,4,20.58823529,111.454,69.042,39.297,327.8058824,1.17E+09,10787.4004,5.264251,6.15E+07,1.26E+08,8.02E+08,0.763,,8.909564427,1794.462289,0,126.5095914,96.6
Guatemala,2018,10889,862,1183,18.78042061,17247.849,8440.97,8804.376,158.396997,7.31E+10,4549.68037,9.444741,7.83E+09,1.75E+10,5.11E+10,0.651,0.5332,29.57687892,6331.224259,62.49,192.7254813,92.8
Guinea,2018,24586,3100,700,15.45595054,12414.293,8335.437,4717.171,50.49334174,1.09E+10,891.74539,24.261235,1.96E+09,3.20E+09,4.87E+09,0.466,,1.027813072,18204.82246,102.2,71.69155747,76.8
Guinea-Bissau,2018,3613,300,250,15.22280653,1874.303,1080.274,826.994,51.87663991,1.38E+09,764.899506,50.083981,6.92E+08,1.73E+08,5.22E+08,0.461,,2.734739733,8536.506637,0,101.3710163,79.3
Guyana,2018,21497,420,50,2.186351584,779.006,574.102,208.123,3.623789366,4.79E+09,4880.587529,19.535693,4.93E+08,1.19E+09,1.67E+09,0.67,0.5153,1.297716593,309368.6056,0,1854.54284,98.3
Haiti,2018,2775,1070,280,48.64864865,11123.178,4969.937,6143.008,400.8352432,9.29E+09,835.716025,18.128958,1.68E+09,2.80E+09,4.58E+09,0.503,0.6026,15.76352673,1169.360052,0,130.3584281,57.7
Holy See,2018,0.044,,,,0.801,0,0.801,1820.454545,,,,,,,,,,,,,
Honduras,2018,11249,1020,576,14.18792782,9587.522,4040.365,5376.802,85.22999378,2.40E+10,2545.336392,11.593106,2.83E+09,5.70E+09,1.44E+10,0.623,0.4796,8.863017618,9456.040883,4.947,167.6136962,91.2
Hungary,2018,9303,4324,173,48.3392454,9707.499,2775.785,6913.062,104.348049,1.60E+11,16295.32521,3.452889,5.61E+09,3.69E+10,9.07E+10,0.845,0.2089,3.412543585,618.0788687,104,464.0227107,100
Iceland,2018,10300,121,0,1.174757282,336.713,20.899,316.881,3.269058252,2.57E+10,76624.48569,3.803329,1.17E+09,3.96E+09,1.75E+10,0.938,0.0869,0.029333235,504881.0114,0,826.5199146,100
India,2018,328726,156317,13000,51.50703017,1352642.28,893272.09,460779.764,411.4801628,2.77E+12,2052.618239,15.406723,4.06E+11,6.73E+11,1.44E+12,0.647,0.5629,72.40415851,1069.01878,1385,562.602553,94.1
Indonesia,2018,191686.22,26300,25000,26.76248715,267670.543,119191.974,147603.006,139.6399506,1.04E+12,3906.270285,12.810107,1.33E+11,4.01E+11,4.66E+11,0.707,0.494,36.30401172,7541.733869,0,831.7500966,87.4
Iran (Islamic Republic of),2018,174515,15581,1857,9.992264275,81800.188,20586.68,61425.055,46.87286938,4.62E+11,5768.576511,9.873938,4.67E+10,1.40E+11,2.82E+11,0.797,0.5146,70.9256679,1570.901035,18.67,1140.584176,96.2
Iraq,2018,43505.2,5000,250,12.06752296,38433.6,11615.946,27723.807,88.34254296,2.15E+11,5395.860191,2.480772,4.14E+09,1.13E+11,9.81E+10,0.689,0.5388,60.29206196,915.8652845,,873.4544773,86.6
Ireland,2018,7028,451,1,6.431417188,4818.69,1769.22,3034.528,68.56417188,3.86E+11,79661.62269,0.888876,3.51E+09,1.35E+11,2.20E+11,0.942,0.1129,0.431881407,10168.73881,2,296.1385771,97.9
Israel,2018,2207,383.5,99.8,21.89850476,8381.516,640.922,7811.919,379.769642,3.71E+11,43841.82532,1.142688,4.23E+09,6.60E+10,2.65E+11,0.906,0.1009,49.13660455,89.48261866,0.015,270.9533693,100
Italy,2018,30206.9,6723,2437,30.32419745,60627.291,17527.87,41763.099,200.7067624,2.09E+12,35163.5738,1.944685,4.05E+10,3.98E+11,1.43E+12,0.883,0.0676,42.19410319,3010.195524,0,563.9044634,100
Jamaica,2018,1099,120,95,19.56323931,2934.847,1284.862,1613.815,267.0470428,1.57E+10,5421.064248,6.592228,1.04E+09,2.73E+09,9.77E+09,0.726,0.43,20.19176146,3687.756125,0,461.3528405,93.8
Japan,2018,37790,4142,278,11.69621593,127202.192,10663.807,116521.525,336.6027838,4.95E+12,39087.23594,1.239368,5.64E+10,1.29E+12,3.60E+12,0.915,0.1326,75.74427201,3380.44489,0,623.4169298,100
Jordan,2018,8932,201,78.8,3.132557098,9965.318,893.429,9010.373,111.5687192,4.29E+10,4264.118559,4.838921,2.38E+09,1.01E+10,2.76E+10,0.723,0.4734,42.59400694,68.43735443,,104.773375,96.9
Kazakhstan,2018,272490.2,29748.4,132,10.96567877,18319.618,7834.88,10568.98,6.723037379,1.79E+11,9744.693641,4.395858,7.88E+09,5.67E+10,1.03E+11,0.817,0.2672,6.143236334,3512.627829,40.33,1366.294865,92.9
Kenya,2018,58037,5800,530,10.90683529,51392.565,37179.074,13771.805,88.55138102,8.78E+10,1725.302554,34.098593,3.01E+10,1.22E+10,3.97E+10,0.579,0.5522,2.979840848,402.7819977,8.9,78.45492826,63.2
Kiribati,2018,81,2,32,41.97530864,115.847,54.403,64.011,143.0209877,1.97E+08,1592.082641,29.120878,4.56E+07,2.78E+07,1.17E+08,0.623,,,,0,,66.9
Kuwait,2018,1782,8,6,0.785634119,4137.312,0,4197.128,232.1723906,1.41E+11,33760.73917,0.439204,6.84E+08,8.23E+10,7.39E+10,0.808,0.3873,100,0,0,302.1285318,99
Kyrgyzstan,2018,19994.9,1288,77,6.826740819,6304.03,3903.563,2229.369,31.52818969,8.27E+09,1319.570186,11.675286,9.43E+08,2.02E+09,4.23E+09,0.674,0.3528,84.06919158,7761.701642,41.81,1215.09574,90
Lao People's Democratic Republic,2018,23680,1550,169,7.259290541,7061.507,4524.499,2436.711,29.82055321,1.81E+10,2579.121946,15.709489,2.82E+09,3.67E+09,9.46E+09,0.604,0.534,32.172386,26963.08309,333.6,1036.605926,75.7
Latvia,2018,6459.4,1295,8,20.17215221,1928.459,614.843,1315.095,29.85507942,3.44E+10,17837.89963,3.595099,1.23E+09,5.71E+09,2.30E+10,0.854,0.1666,0.084570381,8784.215791,0.678,91.87959402,99.3
Lebanon,2018,1045,132,126,24.68899522,6859.408,695.098,5398.411,656.4026794,5.50E+10,9257.297212,3.235901,1.74E+09,7.27E+09,4.35E+10,0.73,0.3848,66.14273126,699.768843,0.575,268.2447232,99
Lesotho,2018,3036,429.3,4,14.27206851,2108.328,1625.909,637.101,69.44426877,2.57E+09,1162.716412,4.379705,1.42E+08,6.86E+08,1.55E+09,0.518,0.5406,0.044519715,2480.638686,5.2,20.77475611,81.8
Liberia,2018,11137,500,200,6.285355123,4818.973,2370.874,2482.642,43.26993804,2.74E+09,437.118973,64.485066,1.77E+09,2.18E+08,4.53E+08,0.465,0.6512,0.024640305,41502.61892,0,30.2761605,75.6
Libya,2018,175954,1720,330,1.165077236,6678.559,1287.593,5183.363,3.795627835,3.47E+10,5312.471944,0.795729,2.74E+08,2.00E+10,1.02E+10,0.708,0.134,39.75444439,104.8130293,0,872.942801,71.2
Liechtenstein,2018,16,1.48,0,9.25,37.91,32.685,5.47,236.9375,6.84E+09,178107.1977,0.13756,8184919.128,2.84E+09,3.72E+09,0.917,,,,,,
Lithuania,2018,6529,2115,36,32.94532088,2801.264,929.713,1946.762,42.90494716,5.37E+10,18583.56844,2.892482,1.55E+09,1.23E+10,3.42E+10,0.869,0.1247,0.126563807,5518.937166,4.86,90.81257604,96.6
Luxembourg,2018,259,62.114,1.562,24.58532819,604.245,53.239,537.082,233.2992278,7.09E+10,120137.9555,0.227202,1.61E+08,7.52E+09,5.65E+10,0.909,0.0999,0,1654.95784,3.1,86.38879925,100
Madagascar,2018,58729.5,3000,600,6.129798483,26262.313,16495.525,9767.285,44.71741288,1.38E+10,527.386601,23.973383,3.30E+09,3.05E+09,6.75E+09,0.521,,45.51430823,12832.07614,0,516.2111959,51.5
Malawi,2018,11848,3600,200,32.0729237,18143.217,15918.795,3245.933,153.1331617,7.18E+09,375.49037,27.288094,1.96E+09,9.21E+08,3.44E+09,0.485,0.6111,2.081353032,889.5886545,16.98,74.78276868,90.2
Malaysia,2018,33080,826,7460,25.04836759,31528.033,7678.728,24363.73,95.30844317,3.59E+11,11190.75401,7.512033,2.70E+10,1.28E+11,1.99E+11,0.804,0.209,8.741158116,18396.32685,0,174.0673134,98.2
Maldives,2018,30,3.9,1.5,18,515.696,267.408,176.851,1718.986667,5.30E+09,11991.75312,5.23586,2.98E+08,6.09E+08,3.70E+09,0.719,0.2427,,58.17380782,0,11.44084887,98.6
Mali,2018,124019,6411,150,5.290318419,19077.749,11014.386,8093.32,15.38292439,1.71E+10,898.685409,37.095855,6.56E+09,3.31E+09,6.57E+09,0.427,0.6767,3.851952898,3145.025128,50,271.8350053,77
Malta,2018,32,9.07,1.31,32.4375,439.248,23.28,408.809,1372.65,1.46E+10,33671.58935,0.869159,1.32E+08,1.52E+09,1.10E+10,0.885,0.2266,47.27769526,114.9692201,0,145.7035661,100
Marshall Islands,2018,18,2,6.5,47.22222222,58.413,12.212,40.955,324.5166667,2.21E+08,4028.711494,15.226396,3.32E+07,1.49E+07,1.64E+08,0.698,,,,0,,94.6
Mauritania,2018,103070,400,11,0.398758126,4403.313,2103.324,2436.744,4.272157757,7.05E+09,1678.315035,20.036419,1.66E+09,1.62E+09,3.59E+09,0.527,0.6105,27.76505983,90.840692,0,306.6327558,57.9
Mauritius,2018,204,75,4,38.7254902,1267.185,750.928,517.387,621.1691176,1.42E+10,11211.98418,2.784618,3.95E+08,2.23E+09,9.86E+09,0.796,0.4188,32.16999669,2170.953728,0,470.3338502,99.9
Mexico,2018,196438,19900,2707,11.50846578,126190.788,25947.576,104811.498,64.23949949,1.22E+12,9356.145765,3.385832,4.05E+10,3.47E+11,7.64E+11,0.767,0.3728,42.53388742,3241.124067,19.14,703.9499587,96.1
Micronesia (Federated States of),2018,70,2,17,27.14285714,112.64,82.11,24.117,160.9142857,4.02E+08,3495.367468,22.513996,9.77E+07,1.17E+07,2.40E+08,0.614,,,,0,,89
Monaco,2018,0.2027,,,,38.682,0,38.897,19083.37444,7.19E+09,184807.8284,,,9.40E+08,6.25E+09,,,,,,129.2590869,100
Mongolia,2018,156411.6,1327.4,5,0.851854978,3170.216,985.062,2136.71,2.026841999,1.31E+10,4167.368686,10.785561,1.42E+09,4.69E+09,5.48E+09,0.735,0.3254,4.423092606,10977.17001,26.4,145.8575693,64.4
Montenegro,2018,1381,9.2,5.4,1.057204924,627.809,208.816,420.403,45.46046343,5.51E+09,8752.031333,6.732281,3.71E+08,5.93E+08,3.54E+09,0.816,0.1711,26.02814087,,,256.2881386,99.7
Morocco,2018,44655,7852.1712,1673.636,21.33200582,36029.093,13589.062,22602.743,80.68322248,1.18E+11,3258.233846,12.216736,1.45E+10,2.76E+10,6.19E+10,0.676,0.5249,28.22394227,804.9050805,0.23,289.5160308,85.4
Mozambique,2018,79938,5650,300,7.443268533,29496.004,19542.053,10986.62,36.89860142,1.48E+10,482.063443,24.567673,3.61E+09,3.13E+09,6.45E+09,0.446,0.5907,1.46912744,3400.460618,1,49.938968,51.1
Myanmar,2018,67664,11080.3,1510,18.60708796,53708.32,37387.374,16468.361,79.37502956,7.36E+10,1350.738003,21.354051,1.91E+10,2.43E+10,2.94E+10,0.584,0.4134,30.25017499,18671.22263,17.6,621.7174546,80.6
Namibia,2018,82429,800,10,0.982663868,2448.301,1293.06,1294.741,2.970193743,1.35E+10,5610.397958,6.962657,1.04E+09,3.84E+09,8.79E+09,0.645,0.401,1.650316145,2516.030504,9.65,117.632595,91
Nauru,2018,2,0,0.4,20,10.67,0,11.312,533.5,1.38E+08,11201.86037,2.386237,3023730.03,4.01E+07,8.20E+07,,,,937.2071228,0,,96.5
Nepal,2018,14718,2113.7,212,15.80173937,28095.714,23776.364,5847.671,190.8935589,2.80E+10,939.453255,25.763904,7.04E+09,3.44E+09,1.46E+10,0.579,0.4886,92.10919794,7054.456776,210.2,338.0266471,91.6
Netherlands,2018,3739,1021,38,28.32308104,17059.56,1453.872,15630.587,456.2599626,9.14E+11,53505.05087,1.650674,1.49E+10,1.52E+11,6.51E+11,0.934,0.0624,40.91696146,644.7997486,0,474.730884,100
New Zealand,2018,26771,518.5,70.5,2.200141945,4743.131,639.408,4110.19,17.71742184,2.08E+11,43776.46571,5.290446,1.10E+10,3.68E+10,1.42E+11,0.921,0.1572,118.8185627,68941.80237,0,1037.200385,100
Nicaragua,2018,13037,1504,286,13.73015264,6465.501,2606.772,3677.985,49.59347242,1.31E+10,2087.250028,15.276012,2.03E+09,2.85E+09,7.11E+09,0.651,0.4485,12.09119186,24160.54069,0,238.8987334,87
Niger,2018,126700,17700,118,14.06314128,22442.822,18646.683,3664.692,17.71335596,1.28E+10,574.639399,38.436545,4.93E+09,2.12E+09,5.05E+09,0.377,0.7132,0.166987388,155.9518674,32.4,78.01603559,58.2
Nigeria,2018,92377,34000,6500,43.8420819,195874.683,97264.436,98610.801,212.0383678,4.22E+11,2153.520403,21.19955,8.94E+10,1.05E+11,2.23E+11,0.534,,1.180653456,1128.272407,2.9,63.68867997,68.5
Niue,2018,26,1,3,15.38461538,1.62,0.897,0.727,6.230769231,,,,,,,,,,,0,,98.5
North Macedonia,2018,2571,418,41,17.8529755,2082.957,876.488,1208.563,81.01738623,1.26E+10,6056.855579,8.538218,9.18E+08,2.54E+09,7.43E+09,0.759,0.1636,27.1805785,2592.468303,6.4,413.0797176,99.4
Norway,2018,38520.759,803.21,3.073,2.093112963,5337.962,950.323,4403.04,13.85736454,4.34E+11,81101.65805,1.883224,8.18E+09,1.26E+11,2.22E+11,0.954,0.0674,11.51726648,71562.89235,10,504.16245,100
Oman,2018,30950,76.66,32.23,0.351825525,4829.473,746.74,4083.206,15.60411309,7.98E+10,19070.91177,2.121134,2.07E+09,4.48E+10,4.88E+10,0.834,0.2753,100,289.8867019,,387.8269948,93.4
Pakistan,2018,79610,30507,793,39.31666876,212228.286,127183.388,73630.43,266.5849592,2.84E+11,1406.00688,22.851666,6.37E+10,4.65E+10,1.56E+11,0.56,0.5359,77.78533608,259.1548989,10.72,864.3993855,91.4
Palau,2018,46,0.3,2,5,17.907,4.408,17.556,38.92826087,2.85E+08,12930.01616,3.154975,9018729,1.68E+07,2.30E+08,0.814,,,,0,,95.3
Palestine,2018,602,87,99,30.89700997,4862.979,1204.356,3848.42,807.8038206,1.63E+10,3221.318341,7.359645,1.20E+09,2.93E+09,9.97E+09,0.69,,78.05092186,166.9758393,0.017,80.09493769,58.4
Panama,2018,7532,565,185,9.957514604,4176.869,1344.157,2818.461,55.45497876,6.49E+10,15628.40512,2.247109,1.42E+09,1.79E+10,4.34E+10,0.795,0.4539,9.494305527,32703.92248,0,290.0258543,94.7
Papua New Guinea,2018,46284,300,700,2.160573848,8606.323,7309.758,1108.588,18.5945964,2.42E+10,2741.30003,16.973835,4.30E+09,6.49E+09,1.13E+10,0.543,0.6113,,93071.10598,0,45.55952641,40
Paraguay,2018,40675.2,4734,88,11.85488947,6956.066,2649.475,4247.433,17.10149182,4.04E+10,5844.278424,10.141495,4.10E+09,1.04E+10,2.28E+10,0.724,0.4718,7.14925382,16819.85191,125.6,346.8914757,98
Peru,2018,128522,4519.6,1379,4.589564433,31989.26,7191.715,25360.1,24.89010442,2.22E+11,6827.188847,6.891732,1.52E+10,6.34E+10,1.24E+11,0.759,0.4059,60.75912812,51298.46705,1868,500.1678688,86.7
Philippines,2018,30000,5590,5350,36.46666667,106651.394,56550.096,49961.978,355.5046467,3.31E+11,3106.78539,9.28435,3.07E+10,9.14E+10,2.09E+11,0.712,0.4196,35.59062529,4491.268065,0,881.3761965,91.8
Poland,2018,31269,11009,353,36.33630753,37921.592,15219.933,22884.899,121.275359,5.87E+11,15369.73348,2.338426,1.23E+10,1.46E+11,3.54E+11,0.872,0.1378,1.122105243,1413.442769,2.14,264.5194854,98.3
Portugal,2018,9222.56,919.18,778.96,18.41289187,10256.193,3580.203,6710.993,111.2076582,2.42E+11,23397.87424,2.03653,4.94E+09,3.87E+10,1.65E+11,0.85,0.111,36.9892506,3705.078483,0,585.012392,100
Puerto Rico,2018,887,50.2,16,7.463359639,3039.596,234.967,3424.04,342.6827508,1.01E+11,27638.89219,0.707737,7.92E+08,4.87E+10,5.21E+10,,,39.70175648,2335.836736,0,1077.281323,93.6
Qatar,2018,1149,14,3,1.479547433,2781.682,23.303,2671.546,242.0959095,1.91E+11,71010.31928,0.175434,3.36E+08,1.15E+11,8.32E+10,0.848,0.5241,100,20.13170449,0,316.7148509,100
Republic of Korea,2018,10032,1374,222,15.90909091,51171.706,9486.209,41678.226,510.0847887,1.72E+12,33626.65754,1.746403,3.14E+10,5.54E+11,9.87E+11,0.906,0.1247,88.92228386,1267.301895,0,529.2377784,97.6
Republic of Moldova,2018,3385,1681.7,234.3,56.60265879,4051.944,2318.419,1722.646,119.7029247,1.15E+10,2798.548169,10.270919,1.15E+09,2.22E+09,6.40E+09,0.711,0.2482,2.931429608,399.8080921,10.23,206.5675143,88.4
Romania,2018,23840,8686,440,38.28020134,19506.114,9007.536,10573.098,81.82094799,2.42E+11,12234.10355,4.356819,1.04E+10,6.23E+10,1.44E+11,0.816,0.333,4.582119939,2172.652123,22.5,328.9225112,100
Russian Federation,2018,1709825,121649,1793,7.219569254,145734.038,36807.854,107156.855,8.523330633,1.67E+12,11534.17515,3.126085,5.22E+10,4.80E+11,9.49E+11,0.824,0.2758,1.967634887,29588.14604,25.36,444.7828448,96.9
Rwanda,2018,2634,1151.7,250,53.21564161,12301.97,10349.599,2151.557,467.0451784,9.64E+09,760.729801,24.632442,2.76E+09,1.39E+09,4.70E+09,0.536,0.4005,0.398491547,772.2340406,6.145,14.94882527,76.1
Saint Kitts and Nevis,2018,26,5,0.1,19.61538462,52.441,38.662,17.188,201.6961538,1.01E+09,18098.87596,1.154176,1.17E+07,2.54E+08,6.91E+08,0.777,,0.868257332,457.6571766,0,297.4771648,98.3
Saint Lucia,2018,62,3,7,16.12903226,181.889,146.11,33.557,293.3693548,2.07E+09,10696.72356,1.792462,2.98E+07,1.27E+08,1.51E+09,0.745,,0.177661779,1649.357575,0,235.8581333,96.3
Saint Vincent and the Grenadines,2018,39,2,3,12.82051282,110.211,52.678,57.522,282.5923077,8.11E+08,7362.068966,7.241693,5.88E+07,9.47E+07,5.29E+08,0.728,,,907.350446,0,77.14293492,95.1
Samoa,2018,284,32.5,31.1,22.3943662,196.129,161.629,36.066,69.05950704,8.34E+08,4215.911916,9.439216,7.87E+07,9.94E+07,6.55E+08,0.707,0.4571,,,0,,99
San Marino,2018,6,1.985,0.315,38.33333333,33.785,0.931,32.626,563.0833333,1.66E+09,48802.05605,0.016407,328658.4591,5.31E+08,9.99E+08,,,,,,,
Sao Tome and Principe,2018,96,4,39,44.79166667,211.028,56.792,152.026,219.8208333,4.15E+08,1968.732492,11.115387,4.67E+07,5.46E+07,3.12E+08,0.609,,18.95926637,10330.3827,0,193.8131433,97.1
Saudi Arabia,2018,214969,3441,154,1.672334151,33702.756,5421.205,28133.138,15.67796101,7.87E+11,23319.88719,2.224446,1.75E+10,3.76E+11,3.90E+11,0.857,0.2843,100,71.21079356,,712.1079356,97
Senegal,2018,19671,3200,78,16.66412485,15854.323,8604.629,7689.641,80.59744294,2.32E+10,1461.174722,15.01442,3.74E+09,5.08E+09,1.28E+10,0.514,0.5282,5.657464675,1627.316411,5.4,140.0879747,78.5
Serbia,2018,8836,2583,205,31.5527388,8802.754,3847.25,4914.777,99.62374378,5.06E+10,7215.958011,6.342783,3.21E+09,1.06E+10,2.68E+10,0.799,0.1756,4.258408046,955.0420243,,631.3365113,99.2
Seychelles,2018,46,0.15,1.4,3.369565217,97.096,41.246,53.989,211.0782609,1.59E+09,16697.89746,1.983229,3.23E+07,1.44E+08,1.15E+09,0.801,,23.0979799,,0,141.0974705,95.7
Sierra Leone,2018,7230,1584,165,24.19087137,7650.15,4473.227,3246.502,105.8112033,4.09E+09,531.27842,58.93441,2.41E+09,2.11E+08,1.33E+09,0.438,0.6501,0.18979926,20914.62259,0,27.73801821,62.6
Singapore,2018,72.4,0.56,0.1,0.91160221,5757.499,0,5791.901,7952.346685,3.73E+11,62348.33805,0.028407,8.50E+07,8.50E+10,2.57E+11,0.935,0.0881,,104.2119156,0,114.5288953,100
Slovakia,2018,4903,1348,17,27.8400979,5453.014,2521.863,2927.953,111.2179074,1.06E+11,19442.19282,2.379733,2.50E+09,2.88E+10,6.38E+10,0.857,0.1636,4.980752567,2310.648753,12.6,112.2315109,100
Slovenia,2018,2027.09,181.78,53.97,11.62997203,2077.837,946.127,1135.133,102.5034409,5.42E+10,25962.32981,2.243521,1.14E+09,1.39E+10,3.20E+10,0.902,0.0164,1.9086156,8985.305392,18.27,462.5001865,99.5
Solomon Islands,2018,2890,20,89,3.771626298,652.857,475.26,148.021,22.59020761,1.31E+09,2039.282045,27.764155,3.37E+08,1.72E+08,8.15E+08,0.557,,0.043055373,68468.28632,0,,80.8
Somalia,2018,63766,1100,25,1.764263087,15008.226,8354.51,6827.415,23.53640812,1.55E+09,98.437155,52.880264,7.90E+08,9.46E+07,4.28E+08,,,12.97308237,399.7807602,0,219.7461579,31.7
South Africa,2018,121909,12000,413,10.18218507,57792.518,19311.652,38086.769,47.40627681,3.68E+11,6412.962691,2.17602,8.01E+09,8.26E+10,2.37E+11,0.705,0.4071,18.47169059,775.1868503,10.85,343.4700665,93.2
South Sudan,2018,63390.6576,,,3.964286845,10975.927,10384.989,2534.064,17.31473914,4.69E+09,635.254613,2.416194,1.56E+08,4.24E+09,3.69E+09,0.413,,2.038427957,2368.820419,34,59.94937831,58.7
Spain,2018,50595.7289,11884.2519,4886.112,33.14580947,46692.858,9130.38,37267.072,92.28616529,1.42E+12,30599.42268,2.761158,3.97E+10,2.43E+11,1.00E+12,0.893,0.0954,34.05268573,2381.520531,34.4,668.6461557,100
Sri Lanka,2018,6561,1371.6,1000,36.14692882,21228.763,17079.399,3870.642,323.5598689,8.84E+10,4245.427794,7.92471,7.00E+09,2.31E+10,5.14E+10,0.78,0.3698,43.01008703,2487.191552,0,609.8329893,95.6
Sudan,2018,185410.5405,19823.16,168,10.78210545,41801.533,27131.309,14380.217,22.54539191,4.84E+10,1216.883086,21.500001,1.21E+10,6.64E+09,2.98E+10,0.508,0.5909,22.93576554,95.6902705,84,644.354359,55.5
Suriname,2018,16382,62,6,0.415089733,575.99,192.884,375.417,3.515993163,3.46E+09,6084.947552,11.071881,4.02E+08,1.03E+09,1.82E+09,0.724,0.4626,90.20881918,171877.984,0,1069.289397,94.8
Sweden,2018,44743.479,2541.99,3.25,5.688516085,9971.638,1254.718,8727.991,22.28623751,5.55E+11,55704.96835,1.376777,7.65E+09,1.10E+11,3.75E+11,0.937,0.0547,3.722456749,17148.63696,3,238.1755134,100
Switzerland,2018,4129.039,398.1389,25.2215,10.25324052,8525.611,2238.762,6305.272,206.4793043,7.36E+11,82530.17486,0.630085,4.59E+09,1.66E+11,5.14E+11,0.946,0.0278,19.93375395,4738.663305,40.4,207.3517077,100
Syrian Arab Republic,2018,18518,4662,1071,30.95906685,16945.057,8381.17,9903.237,91.50586996,1.64E+10,909.420489,20.603476,3.43E+09,4.92E+09,8.28E+09,0.549,0.5329,38.63330982,420.8897025,31.73,989.1026038,90.1
Tajikistan,2018,14138,701.8,150.9,6.031263262,9100.835,6636.026,2471.185,64.37144575,7.77E+09,826.041486,19.771965,1.41E+09,2.02E+09,3.29E+09,0.656,0.3573,91.31044295,6972.986545,94.65,1073.967389,73.8
Thailand,2018,51312,16810,4500,41.53024634,69428.453,34627.095,34556.078,135.3064644,5.05E+11,7299.352335,8.116788,4.10E+10,1.62E+11,2.93E+11,0.765,0.3796,52.98346793,3233.688643,61.25,825.3964697,97.8
Timor-Leste,2018,1487,155,75,15.46738399,1267.974,919.214,404.88,85.27061197,1.56E+09,1949.257379,17.717953,2.58E+08,1.27E+09,1.04E+09,0.626,,23.57244241,6478.839471,0,924.3091735,71.9
Togo,2018,5679,2650,170,49.65662969,7889.093,4658.578,3332.348,138.9169396,7.13E+09,646.414962,20.392364,1.25E+09,7.10E+08,2.56E+09,0.513,0.5881,0.069142614,1457.708763,9.592,28.26687428,63.1
Tokelau,2018,1,0,0.6,60,1.319,1.319,0,131.9,,,,,,,,,,,0,,100
Tonga,2018,75,20,11,41.33333333,103.197,83.793,25.215,137.596,4.80E+08,4625.359516,17.061732,8.08E+07,6.51E+07,2.22E+08,0.717,0.6656,,,0,,99.6
Trinidad and Tobago,2018,513,25,22,9.161793372,1389.843,642.593,730.005,270.9245614,2.37E+10,17345.5614,1.039325,2.46E+08,9.19E+09,1.39E+10,0.799,0.3714,17.46905089,2762.901997,0,275.7145951,95.1
Tunisia,2018,16361,2607,2386,30.51769452,11565.201,3620.748,8038.426,70.68761689,3.98E+10,3421.77736,10.546433,3.91E+09,9.04E+09,2.44E+10,0.739,0.2404,17.77409107,362.726078,0.16,332.4369373,97.7
Turkey,2018,78535,19723,3457,29.51550264,82340.088,20362.183,61554.688,104.8450856,7.78E+11,9416.31547,5.775792,4.49E+10,2.10E+11,4.36E+11,0.807,0.3588,26.26600462,2756.858846,60.12,721.2161347,100
Turkmenistan,2018,48810,1940,60,4.097521,5850.901,2832.499,3018.967,11.98709486,4.07E+10,6963.940563,8.917352,3.63E+09,2.28E+10,1.37E+10,0.71,,100,240.1339554,78.46,4777.725687,60.4
Tuvalu,2018,3,0,1.8,60,11.508,4.245,7.042,383.6,4.60E+07,4078.953162,20.962983,9651178.102,5316004.505,2.91E+07,,,,,0,,97.7
Uganda,2018,24155,6900,2200,37.67335955,42729.036,33745.48,10525.083,176.8952018,2.97E+10,679.86719,21.980944,6.53E+09,5.23E+09,1.59E+10,0.528,0.5381,0.18708885,912.7282909,37,14.90789542,79
Ukraine,2018,60355,32889,863,55.92245879,44246.156,13487.744,30521.47,73.30984343,1.31E+11,2972.841353,10.143611,1.33E+10,2.60E+10,7.17E+10,0.75,0.2864,2.660526382,1245.30592,28.9,253.1745357,96.2
United Arab Emirates,2018,7120.2135,42.3,39.4,1.148139729,9630.959,1285.972,8255.643,135.2622221,4.22E+11,43407.63514,0.718739,3.06E+09,1.79E+11,2.33E+11,0.866,0.2322,100,15.57477298,0,524.8275712,99.6
United Kingdom,2018,24361,6037.7874,46.1656,24.97415131,67141.684,11052.278,55521.226,275.6113624,2.86E+12,42889.38632,0.568916,1.80E+10,4.35E+11,2.09E+12,0.92,0.1774,3.968677823,2159.612202,3,125.4064465,100
United Republic of Tanzania,2018,94730,13500,2150,16.5206376,56313.438,39132.847,19958.545,59.44625567,5.86E+10,994.447217,27.684379,1.65E+10,1.52E+10,2.24E+10,0.528,0.5469,5.364129392,1491.651069,15.64,92.05618027,55.6
United States of America,2018,983151,157736.8,2700,16.31863264,327096.265,57980.034,268786.714,33.27019603,2.06E+13,62981.38696,0.866491,1.67E+11,3.51E+12,1.69E+13,0.92,0.28,20.70247181,8615.200788,10.5,1358.285152,99.2
Uruguay,2018,17622,1976.9,39,11.43967768,3449.285,161.889,3307.662,19.57374305,5.96E+10,17177.13914,5.644213,3.36E+09,1.31E+10,3.77E+10,0.808,0.3128,19.58810174,26730.17741,0,1061.089472,99.7
Uzbekistan,2018,44892.4,4019.8,398,9.840863932,32476.244,16027.774,16337.222,72.34240985,5.04E+10,1560.325238,27.950605,1.45E+10,1.35E+10,1.78E+10,0.71,,90.16227181,503.1370007,99.35,1813.633375,87.3
Vanuatu,2018,1219,20,125,11.8949959,292.68,210.816,71.301,24.00984413,9.15E+08,3150.934375,21.219398,1.89E+08,7.65E+07,5.64E+08,0.597,,,34167.00834,0,,94.5
Venezuela (Bolivarian Republic of),2018,91205,2600,700,3.618222685,28887.118,3818.502,28562.719,31.67273505,2.04E+11,6433.928949,5.421738,1.13E+10,6.82E+10,1.14E+11,0.726,0.4759,39.37133412,27867.09287,160,783.2660911,93.1
Viet Nam,2018,33123,6952.1,4546.4,34.7145488,95545.962,61832.185,34658.961,288.4580563,2.45E+11,2538.068147,14.681952,3.57E+10,7.16E+10,1.13E+11,0.693,0.3078,86.48343265,3761.749764,37.15,858.5396838,97.6
Yemen,2018,52797,1167,285,2.750156259,28498.683,18320.024,10595.26,53.97784533,2.29E+10,922.404203,18.985327,5.06E+09,5.14E+09,1.61E+10,0.463,0.744,57.16073385,73.68761567,,125.0934999,54.9
Zambia,2018,75261,3800,36,5.096929353,17351.708,9945.501,7663.677,23.05537795,2.70E+10,1549.354235,2.786235,7.52E+08,8.15E+09,1.63E+10,0.591,0.5868,4.055419206,4622.023377,104.3,90.59626868,65.4
Zimbabwe,2018,39076,4000,100,10.49237384,14438.802,11465.748,5447.513,36.95056301,2.43E+10,1437.425967,8.304691,2.02E+09,4.49E+09,1.54E+10,0.563,0.504,7.099892387,849.1009157,14.14,261.1975703,76.9
